headline,moretext,imgfilepath,tag1,tag2,tag3
ABC,def,IMG_0342.jpg,global,world,general
Company logo,this is a strapline,BSI_Lens_charcoal.svg,business,marketing,standards
Third Article,XXX,IMG_0342.jpg,conference,marketing,cybersecurity
ABC,dFef,IMG_0342.jpg,global,world,general
CompFany logo,this is a strapline,BSI_Lens_charcoal.svg,business,marketing,standards
ThiFrd Article,XXX,IMG_0342.jpg,conference,marketing,cybersecurity
ABC,Bdef,IMG_0342.jpg,global,world,general
ComBpany logo,this is a strapline,BSI_Lens_charcoal.svg,business,marketing,standards
ThBird Article,XXX,IMG_0342.jpg,conference,marketing,cybersecurity
CABC,def,IMG_0342.jpg,global,world,general
CCompany logo,this is a strapline,BSI_Lens_charcoal.svg,business,marketing,standards
CThird Article,XXX,IMG_0342.jpg,conference,marketing,cybersecurity

